-- Demo environment for metadata-heavy PostgreSQL client exploration.
--
-- This script intentionally creates:
-- * multiple roles with nested grants
-- * multiple users
-- * schemas owned by roles and by a user
-- * tables, views, SQL functions, and scripts
-- * enough foreign-key and cross-schema relationships to make metadata
--   browsers show a more realistic catalog surface
--
-- Existing smoke tests still depend on PG_DEMO.ORDERS, so that object is kept.

DROP SCHEMA IF EXISTS DEMO_SANDBOX CASCADE;
DROP SCHEMA IF EXISTS DEMO_SHARED CASCADE;
DROP SCHEMA IF EXISTS DEMO_SUPPORT CASCADE;
DROP SCHEMA IF EXISTS DEMO_FINANCE CASCADE;
DROP SCHEMA IF EXISTS DEMO_SALES CASCADE;

DROP USER IF EXISTS DEMO_PLATFORM_USER CASCADE;
DROP USER IF EXISTS DEMO_SUPPORT_USER CASCADE;
DROP USER IF EXISTS DEMO_FINANCE_USER CASCADE;
DROP USER IF EXISTS DEMO_BI_USER CASCADE;

DROP ROLE IF EXISTS DEMO_SHARED_OWNER CASCADE;
DROP ROLE IF EXISTS DEMO_SUPPORT_OWNER CASCADE;
DROP ROLE IF EXISTS DEMO_FINANCE_OWNER CASCADE;
DROP ROLE IF EXISTS DEMO_SALES_OWNER CASCADE;
DROP ROLE IF EXISTS DEMO_PLATFORM CASCADE;
DROP ROLE IF EXISTS DEMO_SUPPORT CASCADE;
DROP ROLE IF EXISTS DEMO_FINANCE CASCADE;
DROP ROLE IF EXISTS DEMO_ANALYST CASCADE;
DROP ROLE IF EXISTS DEMO_READONLY CASCADE;

CREATE ROLE DEMO_READONLY;
CREATE ROLE DEMO_ANALYST;
CREATE ROLE DEMO_FINANCE;
CREATE ROLE DEMO_SUPPORT;
CREATE ROLE DEMO_PLATFORM;
CREATE ROLE DEMO_SALES_OWNER;
CREATE ROLE DEMO_FINANCE_OWNER;
CREATE ROLE DEMO_SUPPORT_OWNER;
CREATE ROLE DEMO_SHARED_OWNER;

GRANT DEMO_READONLY TO DEMO_ANALYST;
GRANT DEMO_ANALYST TO DEMO_FINANCE WITH ADMIN OPTION;
GRANT DEMO_ANALYST TO DEMO_SUPPORT;
GRANT DEMO_SUPPORT TO DEMO_PLATFORM WITH ADMIN OPTION;

CREATE USER DEMO_BI_USER IDENTIFIED BY "ExaDemo_ChangeMe_2026!";
CREATE USER DEMO_FINANCE_USER IDENTIFIED BY "ExaDemo_ChangeMe_2026!";
CREATE USER DEMO_SUPPORT_USER IDENTIFIED BY "ExaDemo_ChangeMe_2026!";
CREATE USER DEMO_PLATFORM_USER IDENTIFIED BY "ExaDemo_ChangeMe_2026!";

GRANT CREATE SESSION TO DEMO_BI_USER;
GRANT CREATE SESSION TO DEMO_FINANCE_USER;
GRANT CREATE SESSION TO DEMO_SUPPORT_USER;
GRANT CREATE SESSION TO DEMO_PLATFORM_USER;

GRANT DEMO_ANALYST TO DEMO_BI_USER;
GRANT DEMO_FINANCE TO DEMO_FINANCE_USER;
GRANT DEMO_SUPPORT TO DEMO_SUPPORT_USER;
GRANT DEMO_PLATFORM TO DEMO_PLATFORM_USER;

CREATE SCHEMA IF NOT EXISTS PG_DEMO;
CREATE SCHEMA DEMO_SALES;
CREATE SCHEMA DEMO_FINANCE;
CREATE SCHEMA DEMO_SUPPORT;
CREATE SCHEMA DEMO_SHARED;
CREATE SCHEMA DEMO_SANDBOX;

ALTER SCHEMA DEMO_SALES CHANGE OWNER DEMO_SALES_OWNER;
ALTER SCHEMA DEMO_FINANCE CHANGE OWNER DEMO_FINANCE_OWNER;
ALTER SCHEMA DEMO_SUPPORT CHANGE OWNER DEMO_SUPPORT_OWNER;
ALTER SCHEMA DEMO_SHARED CHANGE OWNER DEMO_SHARED_OWNER;
ALTER SCHEMA DEMO_SANDBOX CHANGE OWNER DEMO_PLATFORM_USER;

GRANT USAGE ON PG_DEMO TO DEMO_READONLY;
GRANT SELECT ON PG_DEMO TO DEMO_READONLY;
GRANT USAGE ON DEMO_SALES TO DEMO_READONLY;
GRANT SELECT ON DEMO_SALES TO DEMO_READONLY;
GRANT USAGE ON DEMO_FINANCE TO DEMO_READONLY;
GRANT SELECT ON DEMO_FINANCE TO DEMO_READONLY;
GRANT USAGE ON DEMO_SUPPORT TO DEMO_READONLY;
GRANT SELECT ON DEMO_SUPPORT TO DEMO_READONLY;
GRANT USAGE ON DEMO_SHARED TO DEMO_READONLY;
GRANT EXECUTE ON DEMO_SHARED TO DEMO_READONLY;

GRANT USAGE ON DEMO_SALES TO DEMO_FINANCE_OWNER;
GRANT SELECT ON DEMO_SALES TO DEMO_FINANCE_OWNER;
GRANT USAGE ON DEMO_SALES TO DEMO_SUPPORT_OWNER;
GRANT SELECT ON DEMO_SALES TO DEMO_SUPPORT_OWNER;
GRANT USAGE ON DEMO_SALES TO DEMO_SHARED_OWNER;
GRANT SELECT ON DEMO_SALES TO DEMO_SHARED_OWNER;
GRANT USAGE ON DEMO_SUPPORT TO DEMO_SHARED_OWNER;
GRANT SELECT ON DEMO_SUPPORT TO DEMO_SHARED_OWNER;

GRANT INSERT ON DEMO_SUPPORT TO DEMO_SUPPORT;
GRANT UPDATE ON DEMO_SUPPORT TO DEMO_SUPPORT;
GRANT DELETE ON DEMO_SUPPORT TO DEMO_SUPPORT;
GRANT INSERT ON DEMO_SANDBOX TO DEMO_PLATFORM;
GRANT UPDATE ON DEMO_SANDBOX TO DEMO_PLATFORM;
GRANT DELETE ON DEMO_SANDBOX TO DEMO_PLATFORM;

CREATE OR REPLACE TABLE PG_DEMO.ORDERS (
    ORDER_ID DECIMAL(18, 0),
    ORDER_TS TIMESTAMP,
    CUSTOMER_NAME VARCHAR(200),
    AMOUNT DECIMAL(18, 4)
);

INSERT INTO PG_DEMO.ORDERS (ORDER_ID, ORDER_TS, CUSTOMER_NAME, AMOUNT) VALUES
    (1, TIMESTAMP '2026-01-02 08:15:00', 'Acme GmbH', 125.5000),
    (2, TIMESTAMP '2026-01-03 09:30:00', 'ACME Labs', 210.0000),
    (3, TIMESTAMP '2026-01-04 10:45:00', 'Beta AG', 99.9900),
    (4, TIMESTAMP '2026-01-05 11:00:00', 'acme Services', 42.4200);

CREATE OR REPLACE VIEW PG_DEMO.ORDER_TOTALS AS
SELECT
    CUSTOMER_NAME,
    COUNT(*) AS ORDER_COUNT,
    SUM(AMOUNT) AS TOTAL_AMOUNT
FROM PG_DEMO.ORDERS
GROUP BY CUSTOMER_NAME;

CREATE OR REPLACE TABLE DEMO_SALES.CUSTOMERS (
    CUSTOMER_ID DECIMAL(18, 0) IDENTITY NOT NULL,
    CUSTOMER_CODE VARCHAR(30) NOT NULL,
    CUSTOMER_NAME VARCHAR(200) NOT NULL,
    REGION VARCHAR(50) NOT NULL,
    SEGMENT VARCHAR(50) DEFAULT 'COMMERCIAL',
    CREATED_AT TIMESTAMP DEFAULT CURRENT_TIMESTAMP,
    CONSTRAINT PK_CUSTOMERS PRIMARY KEY (CUSTOMER_ID)
);

CREATE OR REPLACE TABLE DEMO_SALES.PRODUCTS (
    PRODUCT_ID DECIMAL(18, 0) IDENTITY NOT NULL,
    SKU VARCHAR(40) NOT NULL,
    PRODUCT_NAME VARCHAR(200) NOT NULL,
    PRODUCT_FAMILY VARCHAR(60) NOT NULL,
    LIST_PRICE DECIMAL(18, 2) NOT NULL,
    ACTIVE_FLAG BOOLEAN DEFAULT TRUE,
    CONSTRAINT PK_PRODUCTS PRIMARY KEY (PRODUCT_ID)
);

CREATE OR REPLACE TABLE DEMO_SALES.ORDERS (
    ORDER_ID DECIMAL(18, 0) IDENTITY NOT NULL,
    CUSTOMER_ID DECIMAL(18, 0) NOT NULL,
    ORDER_TS TIMESTAMP DEFAULT CURRENT_TIMESTAMP,
    ORDER_STATUS VARCHAR(30) DEFAULT 'NEW',
    CURRENCY_CODE CHAR(3) DEFAULT 'EUR',
    GROSS_AMOUNT DECIMAL(18, 2) NOT NULL,
    NET_AMOUNT DECIMAL(18, 2) NOT NULL,
    SALES_REP VARCHAR(128),
    CONSTRAINT PK_ORDERS PRIMARY KEY (ORDER_ID),
    CONSTRAINT FK_ORDERS_CUSTOMERS FOREIGN KEY (CUSTOMER_ID)
        REFERENCES DEMO_SALES.CUSTOMERS (CUSTOMER_ID)
);

CREATE OR REPLACE TABLE DEMO_SALES.ORDER_ITEMS (
    ORDER_ITEM_ID DECIMAL(18, 0) IDENTITY NOT NULL,
    ORDER_ID DECIMAL(18, 0) NOT NULL,
    PRODUCT_ID DECIMAL(18, 0) NOT NULL,
    LINE_NO DECIMAL(9, 0) NOT NULL,
    QUANTITY DECIMAL(18, 2) NOT NULL,
    UNIT_PRICE DECIMAL(18, 2) NOT NULL,
    DISCOUNT_PCT DECIMAL(9, 4) DEFAULT 0,
    LINE_AMOUNT DECIMAL(18, 2) NOT NULL,
    CONSTRAINT PK_ORDER_ITEMS PRIMARY KEY (ORDER_ITEM_ID),
    CONSTRAINT FK_ORDER_ITEMS_ORDERS FOREIGN KEY (ORDER_ID)
        REFERENCES DEMO_SALES.ORDERS (ORDER_ID),
    CONSTRAINT FK_ORDER_ITEMS_PRODUCTS FOREIGN KEY (PRODUCT_ID)
        REFERENCES DEMO_SALES.PRODUCTS (PRODUCT_ID)
);

CREATE OR REPLACE TABLE DEMO_FINANCE.INVOICES (
    INVOICE_ID DECIMAL(18, 0) IDENTITY NOT NULL,
    ORDER_ID DECIMAL(18, 0) NOT NULL,
    CUSTOMER_ID DECIMAL(18, 0) NOT NULL,
    INVOICE_DATE DATE NOT NULL,
    DUE_DATE DATE NOT NULL,
    INVOICE_STATUS VARCHAR(30) DEFAULT 'OPEN',
    INVOICE_AMOUNT DECIMAL(18, 2) NOT NULL,
    PAID_AMOUNT DECIMAL(18, 2) DEFAULT 0,
    CONSTRAINT PK_INVOICES PRIMARY KEY (INVOICE_ID),
    CONSTRAINT FK_INVOICES_ORDERS FOREIGN KEY (ORDER_ID)
        REFERENCES DEMO_SALES.ORDERS (ORDER_ID)
);

CREATE OR REPLACE TABLE DEMO_FINANCE.PAYMENTS (
    PAYMENT_ID DECIMAL(18, 0) IDENTITY NOT NULL,
    INVOICE_ID DECIMAL(18, 0) NOT NULL,
    PAYMENT_DATE DATE NOT NULL,
    PAYMENT_METHOD VARCHAR(30) NOT NULL,
    PAYMENT_AMOUNT DECIMAL(18, 2) NOT NULL,
    CONSTRAINT PK_PAYMENTS PRIMARY KEY (PAYMENT_ID),
    CONSTRAINT FK_PAYMENTS_INVOICES FOREIGN KEY (INVOICE_ID)
        REFERENCES DEMO_FINANCE.INVOICES (INVOICE_ID)
);

CREATE OR REPLACE TABLE DEMO_SUPPORT.TICKETS (
    TICKET_ID DECIMAL(18, 0) IDENTITY NOT NULL,
    CUSTOMER_ID DECIMAL(18, 0) NOT NULL,
    ORDER_ID DECIMAL(18, 0),
    OPENED_AT TIMESTAMP DEFAULT CURRENT_TIMESTAMP,
    TICKET_STATUS VARCHAR(30) DEFAULT 'OPEN',
    PRIORITY VARCHAR(20) DEFAULT 'MEDIUM',
    SUBJECT VARCHAR(500) NOT NULL,
    OWNER_TEAM VARCHAR(50) DEFAULT 'L1',
    CONSTRAINT PK_TICKETS PRIMARY KEY (TICKET_ID),
    CONSTRAINT FK_TICKETS_CUSTOMERS FOREIGN KEY (CUSTOMER_ID)
        REFERENCES DEMO_SALES.CUSTOMERS (CUSTOMER_ID),
    CONSTRAINT FK_TICKETS_ORDERS FOREIGN KEY (ORDER_ID)
        REFERENCES DEMO_SALES.ORDERS (ORDER_ID)
);

CREATE OR REPLACE TABLE DEMO_SUPPORT.TICKET_EVENTS (
    TICKET_EVENT_ID DECIMAL(18, 0) IDENTITY NOT NULL,
    TICKET_ID DECIMAL(18, 0) NOT NULL,
    EVENT_TS TIMESTAMP DEFAULT CURRENT_TIMESTAMP,
    EVENT_TYPE VARCHAR(40) NOT NULL,
    AUTHOR_NAME VARCHAR(128) NOT NULL,
    EVENT_NOTE VARCHAR(2000),
    CONSTRAINT PK_TICKET_EVENTS PRIMARY KEY (TICKET_EVENT_ID),
    CONSTRAINT FK_TICKET_EVENTS_TICKETS FOREIGN KEY (TICKET_ID)
        REFERENCES DEMO_SUPPORT.TICKETS (TICKET_ID)
);

CREATE OR REPLACE TABLE DEMO_SHARED.DAILY_ORDER_KPI (
    KPI_DATE DATE NOT NULL,
    ORDER_COUNT DECIMAL(18, 0) NOT NULL,
    GROSS_REVENUE DECIMAL(18, 2) NOT NULL,
    NET_REVENUE DECIMAL(18, 2) NOT NULL,
    CONSTRAINT PK_DAILY_ORDER_KPI PRIMARY KEY (KPI_DATE)
);

CREATE OR REPLACE TABLE DEMO_SANDBOX.EXPERIMENT_TRACKER (
    EXPERIMENT_ID DECIMAL(18, 0) IDENTITY NOT NULL,
    EXPERIMENT_NAME VARCHAR(200) NOT NULL,
    OWNER_NAME VARCHAR(128) NOT NULL,
    STATUS VARCHAR(30) DEFAULT 'DRAFT',
    LAST_VALIDATED_AT TIMESTAMP,
    CONSTRAINT PK_EXPERIMENT_TRACKER PRIMARY KEY (EXPERIMENT_ID)
);

INSERT INTO DEMO_SALES.CUSTOMERS (
    CUSTOMER_CODE,
    CUSTOMER_NAME,
    REGION,
    SEGMENT,
    CREATED_AT
) VALUES
    ('CUST-100', 'Acme GmbH', 'DACH', 'ENTERPRISE', TIMESTAMP '2025-12-01 09:00:00'),
    ('CUST-200', 'Beta AG', 'DACH', 'MIDMARKET', TIMESTAMP '2025-12-05 10:15:00'),
    ('CUST-300', 'Northwind Retail', 'NORDICS', 'SMB', TIMESTAMP '2025-12-11 11:30:00'),
    ('CUST-400', 'Globex Corp', 'UKI', 'ENTERPRISE', TIMESTAMP '2025-12-15 12:45:00');

INSERT INTO DEMO_SALES.PRODUCTS (
    SKU,
    PRODUCT_NAME,
    PRODUCT_FAMILY,
    LIST_PRICE,
    ACTIVE_FLAG
) VALUES
    ('SKU-DB-001', 'Exa Storage Cluster', 'INFRASTRUCTURE', 12000.00, TRUE),
    ('SKU-SVC-010', 'Premium Support', 'SERVICES', 3500.00, TRUE),
    ('SKU-AN-200', 'Analytics Pack', 'SOFTWARE', 4800.00, TRUE),
    ('SKU-TR-300', 'Training Bundle', 'SERVICES', 1800.00, TRUE);

INSERT INTO DEMO_SALES.ORDERS (
    CUSTOMER_ID,
    ORDER_TS,
    ORDER_STATUS,
    CURRENCY_CODE,
    GROSS_AMOUNT,
    NET_AMOUNT,
    SALES_REP
) VALUES
    (1, TIMESTAMP '2026-01-02 08:15:00', 'BOOKED', 'EUR', 12500.00, 11875.00, 'jane.doe'),
    (2, TIMESTAMP '2026-01-03 09:30:00', 'BOOKED', 'EUR', 4800.00, 4560.00, 'liam.ng'),
    (1, TIMESTAMP '2026-01-04 10:45:00', 'FULFILLED', 'EUR', 3500.00, 3325.00, 'jane.doe'),
    (4, TIMESTAMP '2026-01-05 11:00:00', 'BOOKED', 'GBP', 13800.00, 13110.00, 'sara.kent');

INSERT INTO DEMO_SALES.ORDER_ITEMS (
    ORDER_ID,
    PRODUCT_ID,
    LINE_NO,
    QUANTITY,
    UNIT_PRICE,
    DISCOUNT_PCT,
    LINE_AMOUNT
) VALUES
    (1, 1, 1, 1, 12000.00, 0.0200, 11760.00),
    (1, 2, 2, 1, 3500.00, 0.3957, 740.00),
    (2, 3, 1, 1, 4800.00, 0.0500, 4560.00),
    (3, 2, 1, 1, 3500.00, 0.0500, 3325.00),
    (4, 1, 1, 1, 12000.00, 0.0500, 11400.00),
    (4, 4, 2, 1, 1800.00, 0.0500, 1710.00);

INSERT INTO DEMO_FINANCE.INVOICES (
    ORDER_ID,
    CUSTOMER_ID,
    INVOICE_DATE,
    DUE_DATE,
    INVOICE_STATUS,
    INVOICE_AMOUNT,
    PAID_AMOUNT
) VALUES
    (1, 1, DATE '2026-01-02', DATE '2026-02-01', 'PARTIALLY_PAID', 11875.00, 6000.00),
    (2, 2, DATE '2026-01-03', DATE '2026-02-02', 'OPEN', 4560.00, 0.00),
    (3, 1, DATE '2026-01-04', DATE '2026-02-03', 'PAID', 3325.00, 3325.00),
    (4, 4, DATE '2026-01-05', DATE '2026-02-04', 'OPEN', 13110.00, 0.00);

INSERT INTO DEMO_FINANCE.PAYMENTS (
    INVOICE_ID,
    PAYMENT_DATE,
    PAYMENT_METHOD,
    PAYMENT_AMOUNT
) VALUES
    (1, DATE '2026-01-15', 'WIRE', 6000.00),
    (3, DATE '2026-01-18', 'WIRE', 3325.00);

INSERT INTO DEMO_SUPPORT.TICKETS (
    CUSTOMER_ID,
    ORDER_ID,
    OPENED_AT,
    TICKET_STATUS,
    PRIORITY,
    SUBJECT,
    OWNER_TEAM
) VALUES
    (1, 1, TIMESTAMP '2026-01-06 08:30:00', 'OPEN', 'HIGH', 'Shipment tracking mismatch', 'L2'),
    (2, 2, TIMESTAMP '2026-01-07 09:45:00', 'PENDING_CUSTOMER', 'MEDIUM', 'Invoice PDF missing', 'FINOPS'),
    (4, 4, TIMESTAMP '2026-01-08 10:00:00', 'OPEN', 'CRITICAL', 'Cluster activation blocked', 'PLATFORM');

INSERT INTO DEMO_SUPPORT.TICKET_EVENTS (
    TICKET_ID,
    EVENT_TS,
    EVENT_TYPE,
    AUTHOR_NAME,
    EVENT_NOTE
) VALUES
    (1, TIMESTAMP '2026-01-06 08:35:00', 'COMMENT', 'anna.support', 'Asked warehouse for updated ASN feed.'),
    (1, TIMESTAMP '2026-01-06 11:10:00', 'STATUS_CHANGE', 'anna.support', 'Escalated to logistics integration.'),
    (2, TIMESTAMP '2026-01-07 10:15:00', 'COMMENT', 'oliver.finance', 'Resent invoice bundle from ERP.'),
    (3, TIMESTAMP '2026-01-08 10:05:00', 'STATUS_CHANGE', 'mia.platform', 'Opened Sev-1 bridge and attached runbook.');

INSERT INTO DEMO_SANDBOX.EXPERIMENT_TRACKER (
    EXPERIMENT_NAME,
    OWNER_NAME,
    STATUS,
    LAST_VALIDATED_AT
) VALUES
    ('Upgrade impact simulation', 'DEMO_PLATFORM_USER', 'VALIDATED', TIMESTAMP '2026-01-09 15:30:00'),
    ('Ticket SLA drift check', 'DEMO_PLATFORM_USER', 'DRAFT', NULL);

INSERT INTO DEMO_SHARED.DAILY_ORDER_KPI (
    KPI_DATE,
    ORDER_COUNT,
    GROSS_REVENUE,
    NET_REVENUE
)
SELECT
    CAST(ORDER_TS AS DATE) AS KPI_DATE,
    COUNT(*) AS ORDER_COUNT,
    SUM(GROSS_AMOUNT) AS GROSS_REVENUE,
    SUM(NET_AMOUNT) AS NET_REVENUE
FROM DEMO_SALES.ORDERS
GROUP BY CAST(ORDER_TS AS DATE);

CREATE OR REPLACE VIEW DEMO_SALES.ORDER_FACT_V AS
SELECT
    O.ORDER_ID,
    O.ORDER_TS,
    O.ORDER_STATUS,
    C.CUSTOMER_CODE,
    C.CUSTOMER_NAME,
    C.REGION,
    O.GROSS_AMOUNT,
    O.NET_AMOUNT,
    O.CURRENCY_CODE,
    COUNT(I.ORDER_ITEM_ID) AS LINE_COUNT
FROM DEMO_SALES.ORDERS O
JOIN DEMO_SALES.CUSTOMERS C
  ON C.CUSTOMER_ID = O.CUSTOMER_ID
LEFT JOIN DEMO_SALES.ORDER_ITEMS I
  ON I.ORDER_ID = O.ORDER_ID
GROUP BY
    O.ORDER_ID,
    O.ORDER_TS,
    O.ORDER_STATUS,
    C.CUSTOMER_CODE,
    C.CUSTOMER_NAME,
    C.REGION,
    O.GROSS_AMOUNT,
    O.NET_AMOUNT,
    O.CURRENCY_CODE
COMMENT IS 'Order level reporting view used by BI tools';

CREATE OR REPLACE VIEW DEMO_FINANCE.OPEN_AR_V AS
SELECT
    I.INVOICE_ID,
    I.ORDER_ID,
    C.CUSTOMER_NAME,
    I.INVOICE_DATE,
    I.DUE_DATE,
    I.INVOICE_AMOUNT,
    I.PAID_AMOUNT,
    I.INVOICE_AMOUNT - I.PAID_AMOUNT AS OPEN_AMOUNT
FROM DEMO_FINANCE.INVOICES I
JOIN DEMO_SALES.CUSTOMERS C
  ON C.CUSTOMER_ID = I.CUSTOMER_ID
WHERE I.INVOICE_AMOUNT > I.PAID_AMOUNT
COMMENT IS 'Open accounts receivable items';

CREATE OR REPLACE VIEW DEMO_SUPPORT.CUSTOMER_360_V AS
SELECT
    C.CUSTOMER_ID,
    C.CUSTOMER_NAME,
    C.REGION,
    COUNT(DISTINCT O.ORDER_ID) AS ORDER_COUNT,
    COUNT(DISTINCT T.TICKET_ID) AS TICKET_COUNT,
    MAX(T.OPENED_AT) AS LAST_TICKET_OPENED_AT
FROM DEMO_SALES.CUSTOMERS C
LEFT JOIN DEMO_SALES.ORDERS O
  ON O.CUSTOMER_ID = C.CUSTOMER_ID
LEFT JOIN DEMO_SUPPORT.TICKETS T
  ON T.CUSTOMER_ID = C.CUSTOMER_ID
GROUP BY
    C.CUSTOMER_ID,
    C.CUSTOMER_NAME,
    C.REGION
COMMENT IS 'Customer summary spanning sales and support';

CREATE OR REPLACE VIEW DEMO_SHARED.ACTIVE_CASELOAD_V AS
SELECT
    T.OWNER_TEAM,
    T.PRIORITY,
    COUNT(*) AS ACTIVE_TICKET_COUNT
FROM DEMO_SUPPORT.TICKETS T
WHERE T.TICKET_STATUS IN ('OPEN', 'PENDING_CUSTOMER')
GROUP BY
    T.OWNER_TEAM,
    T.PRIORITY
COMMENT IS 'Operational caseload by team and priority';

CREATE OR REPLACE VIEW DEMO_SANDBOX.EXPERIMENT_STATUS_V AS
SELECT
    EXPERIMENT_ID,
    EXPERIMENT_NAME,
    OWNER_NAME,
    STATUS,
    LAST_VALIDATED_AT
FROM DEMO_SANDBOX.EXPERIMENT_TRACKER
COMMENT IS 'User-owned experimentation objects';

CREATE OR REPLACE FUNCTION DEMO_SHARED.ORDER_SIZE_BAND (
    GROSS_AMOUNT DECIMAL(18, 2)
)
RETURN VARCHAR(20)
IS
    RESULT_BAND VARCHAR(20);
BEGIN
    IF GROSS_AMOUNT >= 10000 THEN
        RESULT_BAND := 'ENTERPRISE';
    ELSEIF GROSS_AMOUNT >= 5000 THEN
        RESULT_BAND := 'MIDMARKET';
    ELSE
        RESULT_BAND := 'SMB';
    END IF;
    RETURN RESULT_BAND;
END ORDER_SIZE_BAND;
/

CREATE OR REPLACE FUNCTION DEMO_SHARED.OPEN_BALANCE (
    INVOICE_AMOUNT DECIMAL(18, 2),
    PAID_AMOUNT DECIMAL(18, 2)
)
RETURN DECIMAL(18, 2)
IS
BEGIN
    RETURN INVOICE_AMOUNT - COALESCE(PAID_AMOUNT, 0);
END OPEN_BALANCE;
/

CREATE OR REPLACE SCRIPT DEMO_SHARED.UTILS AS
function normalize_priority(priority)
  if priority == nil then
    return 'UNKNOWN'
  end
  return string.upper(priority)
end
/

CREATE OR REPLACE LUA SCALAR SCRIPT DEMO_SHARED.PRIORITY_LABEL (
    PRIORITY VARCHAR(20),
    OWNER_TEAM VARCHAR(50)
) RETURNS VARCHAR(50) AS
function run(ctx)
  if ctx.PRIORITY == nil then
    return 'UNKNOWN'
  end
  local normalized = string.upper(ctx.PRIORITY)
  if normalized == 'CRITICAL' then
    return normalized .. '-IMMEDIATE'
  end
  if ctx.OWNER_TEAM == nil then
    return normalized
  end
  return normalized .. '-' .. string.upper(ctx.OWNER_TEAM)
end
/

CREATE OR REPLACE SCRIPT DEMO_SHARED.REFRESH_DAILY_ORDER_KPI AS
query([[TRUNCATE TABLE DEMO_SHARED.DAILY_ORDER_KPI]]);
query([[
    INSERT INTO DEMO_SHARED.DAILY_ORDER_KPI (
        KPI_DATE,
        ORDER_COUNT,
        GROSS_REVENUE,
        NET_REVENUE
    )
    SELECT
        CAST(ORDER_TS AS DATE) AS KPI_DATE,
        COUNT(*) AS ORDER_COUNT,
        SUM(GROSS_AMOUNT) AS GROSS_REVENUE,
        SUM(NET_AMOUNT) AS NET_REVENUE
    FROM DEMO_SALES.ORDERS
    GROUP BY CAST(ORDER_TS AS DATE)
]]);
/
